-- --------------------------------------------------------
-- Host:                         127.0.0.1
-- Server version:               10.3.8-MariaDB - mariadb.org binary distribution
-- Server OS:                    Win64
-- HeidiSQL Version:             9.4.0.5125
-- --------------------------------------------------------

/*!40101 SET @OLD_CHARACTER_SET_CLIENT=@@CHARACTER_SET_CLIENT */;
/*!40101 SET NAMES utf8 */;
/*!50503 SET NAMES utf8mb4 */;
/*!40014 SET @OLD_FOREIGN_KEY_CHECKS=@@FOREIGN_KEY_CHECKS, FOREIGN_KEY_CHECKS=0 */;
/*!40101 SET @OLD_SQL_MODE=@@SQL_MODE, SQL_MODE='NO_AUTO_VALUE_ON_ZERO' */;


-- Dumping database structure for tick42-quicksilver
CREATE DATABASE IF NOT EXISTS `tick42-quicksilver` /*!40100 DEFAULT CHARACTER SET utf8 */;
USE `tick42-quicksilver`;

-- Dumping structure for table tick42-quicksilver.extensions
CREATE TABLE IF NOT EXISTS `extensions` (
  `id` int(11) NOT NULL AUTO_INCREMENT,
  `times_rated` int(11) NOT NULL DEFAULT 0,
  `rating` double NOT NULL DEFAULT 0,
  `name` char(255) NOT NULL,
  `version` varchar(50) NOT NULL,
  `times_downloaded` int(11) DEFAULT 0,
  `owner` int(11) NOT NULL,
  `github_id` int(11) DEFAULT NULL,
  `file_id` int(11) DEFAULT NULL,
  `image_id` int(11) DEFAULT NULL,
  `description` text DEFAULT NULL,
  `is_pending` tinyint(4) NOT NULL DEFAULT 1,
  `is_featured` tinyint(4) NOT NULL DEFAULT 0,
  `upload_date` datetime NOT NULL,
  PRIMARY KEY (`id`),
  KEY `FK_extensions_users` (`owner`),
  KEY `FK_extensions_files` (`file_id`),
  KEY `FK_extensions_files_2` (`image_id`),
  KEY `FK_extensions_github` (`github_id`),
  CONSTRAINT `FK_extensions_files` FOREIGN KEY (`file_id`) REFERENCES `files` (`id`) ON DELETE NO ACTION ON UPDATE NO ACTION,
  CONSTRAINT `FK_extensions_files_2` FOREIGN KEY (`image_id`) REFERENCES `files` (`id`) ON DELETE NO ACTION ON UPDATE NO ACTION,
  CONSTRAINT `FK_extensions_github` FOREIGN KEY (`github_id`) REFERENCES `github` (`id`) ON DELETE NO ACTION ON UPDATE NO ACTION,
  CONSTRAINT `FK_extensions_users` FOREIGN KEY (`owner`) REFERENCES `users` (`id`) ON DELETE NO ACTION ON UPDATE NO ACTION
) ENGINE=InnoDB AUTO_INCREMENT=375 DEFAULT CHARSET=utf8;

-- Dumping data for table tick42-quicksilver.extensions: ~148 rows (approximately)
/*!40000 ALTER TABLE `extensions` DISABLE KEYS */;
INSERT INTO `extensions` (`id`, `times_rated`, `rating`, `name`, `version`, `times_downloaded`, `owner`, `github_id`, `file_id`, `image_id`, `description`, `is_pending`, `is_featured`, `upload_date`) VALUES
	(190, 1, 5, 'postman6', '1.009', 5, 3, 24, 1, NULL, 'once upon a time', 0, 0, '2018-08-22 03:58:56'),
	(191, 1, 4, 'postman6', '1.009', 2, 3, 24, 2, NULL, 'once upon a time', 0, 0, '2018-08-12 03:59:16'),
	(192, 0, 0, 'postman6', '1.009', 0, 3, 24, NULL, NULL, 'once upon a time', 0, 0, '2018-08-22 12:12:43'),
	(193, 0, 0, 'postman6', '0', 0, 3, 24, NULL, NULL, NULL, 0, 0, '2018-08-22 12:13:38'),
	(194, 0, 0, 'postman6', '0', 0, 3, 24, NULL, NULL, NULL, 0, 0, '2018-08-22 12:14:34'),
	(195, 0, 0, 'postman6', '0', 0, 3, 24, NULL, NULL, 'once upon a time', 0, 0, '2018-08-22 12:15:14'),
	(196, 0, 0, 'postman6', '1.009', 0, 3, 24, 2, NULL, 'once upon a time', 0, 0, '2018-08-22 12:15:20'),
	(197, 0, 0, 'postman6', '1.009', 0, 3, 24, NULL, NULL, 'once upon a time', 0, 0, '2018-08-22 12:15:25'),
	(198, 0, 0, 'postman6', '1.009', 0, 3, 24, NULL, NULL, 'once upon a time', 0, 0, '2018-08-22 12:17:43'),
	(199, 0, 0, 'postman6', '1.009', 0, 3, 24, NULL, NULL, 'once upon a time', 0, 0, '2018-08-22 12:19:10'),
	(200, 0, 0, 'postman6', '1.009', 0, 3, 24, NULL, NULL, 'once upon a time', 0, 0, '2018-08-22 12:20:16'),
	(201, 0, 0, 'postman 234', '1.009', 0, 3, 24, NULL, NULL, 'once upon a time', 0, 0, '2018-08-22 12:20:57'),
	(202, 0, 0, '231', '1.009', 0, 3, 24, 23, NULL, 'once upon a time', 0, 0, '2018-08-22 12:41:28'),
	(203, 0, 0, 'postman 234', '1.009', 0, 3, 24, NULL, NULL, 'once upon a time', 0, 0, '2018-08-22 12:41:28'),
	(204, 0, 0, 'postman6', '1.009', 0, 3, 24, 24, NULL, 'once upon a time', 0, 0, '2018-08-22 15:15:17'),
	(205, 0, 0, 'postman6', '1.009', 0, 3, NULL, NULL, NULL, 'once upon a time', 0, 0, '2018-08-22 15:24:03'),
	(206, 0, 0, 'postman6', '1.009', 0, 3, NULL, NULL, NULL, 'once upon a time', 0, 0, '2018-08-22 15:24:19'),
	(207, 0, 0, 'postman6', '1.009', 0, 3, NULL, NULL, NULL, 'once upon a time', 0, 0, '2018-08-22 15:24:33'),
	(208, 0, 0, 'postman6', '1.009', 0, 3, NULL, NULL, NULL, 'once upon a time', 0, 0, '2018-08-22 15:26:50'),
	(209, 0, 0, 'postman6', '1.009', 0, 3, NULL, NULL, NULL, 'once upon a time', 0, 0, '2018-08-22 15:28:35'),
	(210, 0, 0, 'postman6', '1.009', 0, 3, NULL, NULL, NULL, 'once upon a time', 0, 0, '2018-08-22 15:29:38'),
	(211, 0, 0, 'postman6', '1.009', 0, 3, NULL, NULL, NULL, 'once upon a time', 0, 0, '2018-08-22 15:30:51'),
	(212, 0, 0, 'postman6', '1.009', 0, 3, NULL, NULL, NULL, 'once upon a time', 0, 0, '2018-08-22 15:33:05'),
	(213, 0, 0, 'postman6', '1.009', 0, 3, NULL, NULL, NULL, 'once upon a time', 0, 0, '2018-08-22 15:33:10'),
	(214, 0, 0, 'postman6', '1.009', 0, 3, NULL, NULL, NULL, 'once upon a time', 0, 0, '2018-08-22 15:37:00'),
	(215, 0, 0, 'postman6', '1.009', 0, 3, NULL, NULL, NULL, 'once upon a time', 0, 0, '2018-08-22 15:37:34'),
	(216, 0, 0, 'postman6', '1.009', 0, 3, NULL, NULL, NULL, 'once upon a time', 0, 0, '2018-08-22 15:37:49'),
	(217, 0, 0, 'postman6', '1.009', 0, 3, NULL, NULL, NULL, 'once upon a time', 0, 0, '2018-08-22 15:39:37'),
	(218, 0, 0, 'postman6', '1.009', 0, 3, NULL, NULL, NULL, 'once upon a time', 0, 0, '2018-08-22 15:40:09'),
	(219, 0, 0, 'postman6', '1.009', 0, 3, NULL, NULL, NULL, 'once upon a time', 0, 0, '2018-08-22 15:40:59'),
	(220, 0, 0, 'postman6', '1.009', 0, 3, NULL, NULL, NULL, 'once upon a time', 0, 0, '2018-08-22 15:41:45'),
	(221, 0, 0, 'postman6', '1.009', 0, 3, NULL, NULL, NULL, 'once upon a time', 0, 0, '2018-08-22 15:42:22'),
	(222, 0, 0, 'postman6', '1.009', 0, 3, NULL, NULL, NULL, 'once upon a time', 0, 0, '2018-08-22 15:42:58'),
	(223, 0, 0, 'postman6', '1.009', 0, 3, NULL, NULL, NULL, 'once upon a time', 0, 0, '2018-08-22 15:43:40'),
	(224, 0, 0, 'postman6', '1.009', 0, 3, NULL, NULL, NULL, 'once upon a time', 0, 0, '2018-08-22 15:44:04'),
	(225, 0, 0, 'postman6', '1.009', 0, 3, NULL, NULL, NULL, 'once upon a time', 0, 0, '2018-08-22 15:44:24'),
	(226, 0, 0, 'postman6', '1.009', 0, 3, NULL, NULL, NULL, 'once upon a time', 0, 0, '2018-08-22 15:44:29'),
	(227, 0, 0, 'postman6', '1.009', 0, 3, NULL, NULL, NULL, 'once upon a time', 0, 0, '2018-08-22 15:44:31'),
	(228, 0, 0, 'postman6', '1.009', 0, 3, NULL, NULL, NULL, 'once upon a time', 0, 0, '2018-08-22 15:44:43'),
	(229, 0, 0, 'postman6', '1.009', 0, 3, NULL, NULL, NULL, 'once upon a time', 0, 0, '2018-08-22 15:44:59'),
	(230, 0, 0, 'postman6', '1.009', 0, 3, NULL, NULL, NULL, 'once upon a time', 0, 0, '2018-08-22 15:47:57'),
	(231, 0, 0, 'postman6', '1.009', 0, 3, NULL, NULL, NULL, 'once upon a time', 0, 0, '2018-08-22 15:48:48'),
	(232, 0, 0, 'postman6', '1.009', 0, 3, NULL, NULL, NULL, 'once upon a time', 0, 0, '2018-08-22 16:00:04'),
	(233, 0, 0, 'postman6', '1.009', 0, 3, NULL, NULL, NULL, 'once upon a time', 0, 0, '2018-08-22 16:00:19'),
	(234, 0, 0, 'postman6', '1.009', 0, 3, NULL, NULL, NULL, 'once upon a time', 0, 0, '2018-08-22 16:00:46'),
	(235, 0, 0, 'postman6', '1.009', 0, 3, NULL, NULL, NULL, 'once upon a time', 0, 0, '2018-08-22 16:01:29'),
	(236, 0, 0, 'postman6', '1.009', 0, 3, NULL, NULL, NULL, 'once upon a time', 0, 0, '2018-08-22 16:02:18'),
	(237, 0, 0, 'postman6', '1.009', 0, 3, NULL, NULL, NULL, 'once upon a time', 0, 0, '2018-08-22 16:02:21'),
	(238, 0, 0, 'postman6', '1.009', 0, 3, NULL, NULL, NULL, 'once upon a time', 0, 0, '2018-08-22 16:12:45'),
	(239, 0, 0, 'postman6', '1.009', 0, 3, NULL, NULL, NULL, 'once upon a time', 0, 0, '2018-08-22 16:13:36'),
	(244, 0, 0, 'postman6', '1.009', 0, 3, NULL, NULL, NULL, 'once upon a time', 0, 0, '2018-08-22 16:24:53'),
	(245, 0, 0, 'postman6', '1.009', 0, 3, NULL, NULL, NULL, 'once upon a time', 0, 0, '2018-08-22 16:25:55'),
	(247, 0, 0, 'postman6', '1.009', 0, 3, NULL, NULL, NULL, 'once upon a time', 0, 0, '2018-08-22 16:26:38'),
	(248, 0, 0, 'postman6', '1.009', 0, 3, NULL, NULL, NULL, 'once upon a time', 0, 0, '2018-08-22 16:26:41'),
	(249, 0, 0, 'postman6', '1.009', 0, 3, NULL, NULL, NULL, 'once upon a time', 0, 0, '2018-08-22 16:27:02'),
	(250, 0, 0, 'postman6', '1.009', 0, 3, NULL, NULL, NULL, 'once upon a time', 0, 0, '2018-08-22 16:27:14'),
	(251, 0, 0, 'postman6', '1.009', 0, 3, NULL, NULL, NULL, 'once upon a time', 0, 0, '2018-08-22 16:27:24'),
	(252, 0, 0, 'postman6', '1.009', 0, 3, NULL, NULL, NULL, 'once upon a time', 0, 0, '2018-08-22 16:27:30'),
	(253, 0, 0, 'postman6', '1.009', 0, 3, NULL, NULL, NULL, 'once upon a time', 0, 0, '2018-08-22 16:34:25'),
	(254, 0, 0, 'postman6', '1.009', 0, 3, NULL, NULL, NULL, 'once upon a time', 0, 0, '2018-08-22 16:34:32'),
	(255, 0, 0, 'postman6', '1.009', 0, 3, NULL, NULL, NULL, 'once upon a time', 0, 0, '2018-08-22 16:34:36'),
	(256, 0, 0, 'postman6', '1.009', 0, 3, NULL, NULL, NULL, 'once upon a time', 0, 0, '2018-08-22 16:34:43'),
	(257, 0, 0, 'postman6', '1.009', 0, 3, NULL, NULL, NULL, 'once upon a time', 0, 0, '2018-08-22 16:44:07'),
	(258, 0, 0, 'postman6', '1.009', 0, 3, NULL, NULL, NULL, 'once upon a time', 0, 0, '2018-08-22 16:44:11'),
	(259, 0, 0, 'postman6', '1.009', 0, 3, NULL, NULL, NULL, 'once upon a time', 0, 0, '2018-08-22 16:44:14'),
	(260, 0, 0, 'postman6', '1.009', 0, 3, NULL, 25, NULL, 'once upon a time', 0, 0, '2018-08-22 16:44:17'),
	(261, 0, 0, 'filetest', '1.009', 0, 3, NULL, 29, NULL, 'once upon a time', 0, 0, '2018-08-23 11:33:57'),
	(262, 0, 0, 'testImage and FILE', '1.009', 0, 3, NULL, 30, 31, 'once upon a time', 0, 0, '2018-08-23 12:10:11'),
	(263, 0, 0, 'testImage and FILE', '1.009', 0, 3, NULL, NULL, NULL, 'once upon a time', 0, 0, '2018-08-23 17:31:27'),
	(264, 0, 0, 'testImage and FILE', '1.009', 0, 3, NULL, NULL, NULL, 'once upon a time', 0, 0, '2018-08-23 18:08:51'),
	(265, 0, 0, 'testImage and FILE', '1.009', 0, 3, NULL, NULL, NULL, 'once upon a time', 0, 0, '2018-08-23 22:29:06'),
	(266, 0, 0, 'testImage and FILE', '1.009', 0, 3, NULL, NULL, NULL, 'once upon a time', 0, 0, '2018-08-23 22:30:29'),
	(267, 0, 0, 'testImage and FILE', '1.009', 0, 3, NULL, NULL, NULL, 'once upon a time', 0, 0, '2018-08-23 22:40:45'),
	(268, 0, 0, 'testImage and FILE', '1.009', 0, 3, 135, 56, 57, 'once upon a time', 0, 0, '2018-08-23 22:46:27'),
	(271, 0, 0, 'testImage and FILE', '1.009', 0, 9, NULL, NULL, NULL, 'once upon a time', 0, 0, '2018-08-23 22:55:35'),
	(272, 0, 0, 'testImage and FILE', '1.009', 0, 9, NULL, NULL, NULL, 'once upon a time', 0, 0, '2018-08-23 23:53:14'),
	(273, 0, 0, 'testImage and FILE', '1.009', 0, 9, NULL, NULL, NULL, 'once upon a time', 0, 0, '2018-08-23 23:53:48'),
	(274, 0, 0, 'testImage and FILE', '1.009', 0, 3, NULL, NULL, NULL, 'once upon a time', 0, 0, '2018-08-23 23:54:58'),
	(275, 0, 0, 'testImage and FILE', '1.009', 0, 4, NULL, NULL, NULL, 'once upon a time', 0, 0, '2018-08-23 23:55:11'),
	(276, 0, 0, 'testImage and FILE', '1.009', 0, 3, NULL, NULL, NULL, 'once upon a time', 0, 0, '2018-08-23 23:56:07'),
	(277, 0, 0, 'testImage and FILE', '1.009', 0, 3, NULL, NULL, NULL, 'once upon a time', 0, 0, '2018-08-24 00:02:03'),
	(278, 0, 0, 'testImage and FILE', '1.009', 0, 3, NULL, NULL, NULL, 'once upon a time', 0, 0, '2018-08-24 00:04:04'),
	(279, 0, 0, 'testImage and FILE', '1.009', 0, 4, NULL, NULL, NULL, 'once upon a time', 0, 0, '2018-08-24 00:05:43'),
	(280, 0, 0, 'testImage and FILE', '1.009', 0, 3, NULL, NULL, NULL, 'once upon a time', 0, 0, '2018-08-24 00:06:11'),
	(281, 0, 0, 'test', 'ver', 0, 3, 3, NULL, NULL, 'describe the ext', 0, 0, '2018-08-24 13:29:56'),
	(282, 0, 0, 'test', 'ver', 0, 4, 141, NULL, NULL, 'describe the ext', 0, 1, '2018-08-24 13:32:24'),
	(283, 0, 0, 'test', 'ver', 0, 3, 5, NULL, NULL, 'describe the ext', 0, 0, '2018-08-24 13:33:12'),
	(284, 0, 0, 'test', 'ver', 0, 3, 6, NULL, NULL, 'describe the ext', 0, 0, '2018-08-24 13:34:42'),
	(285, 0, 0, 'test', 'ver', 0, 4, 7, NULL, NULL, 'describe the ext', 0, 0, '2018-08-24 13:36:12'),
	(287, 0, 0, 'test', 'ver', 0, 3, 9, NULL, NULL, 'describe the ext', 0, 0, '2018-08-24 13:43:15'),
	(288, 0, 0, 'test', 'ver', 0, 3, 10, NULL, NULL, 'describe the ext', 0, 0, '2018-08-24 13:44:14'),
	(289, 0, 0, 'test', 'ver', 0, 9, 11, NULL, NULL, 'describe the ext', 0, 0, '2018-08-24 13:45:04'),
	(290, 0, 0, 'test', 'ver', 0, 3, 12, NULL, NULL, 'describe the ext', 0, 0, '2018-08-24 13:46:03'),
	(291, 0, 0, 'test', 'ver', 0, 3, 13, NULL, NULL, 'describe the ext', 0, 0, '2018-08-24 13:46:35'),
	(292, 0, 0, 'test', 'ver', 0, 9, 14, NULL, NULL, 'describe the ext', 1, 0, '2018-08-24 18:08:46'),
	(293, 0, 0, 'test', 'ver', 0, 3, 15, NULL, NULL, 'describe the ext', 0, 0, '2018-08-24 18:09:29'),
	(294, 0, 0, 'test', 'ver', 0, 3, 16, NULL, NULL, 'describe the ext', 0, 0, '2018-08-24 18:37:38'),
	(295, 0, 0, 'test', 'ver', 0, 9, 17, NULL, NULL, 'describe the ext', 0, 0, '2018-08-24 18:39:03'),
	(296, 0, 0, 'test', 'ver', 0, 3, 18, NULL, NULL, 'describe the ext', 0, 0, '2018-08-24 18:39:57'),
	(297, 0, 0, 'test', 'ver', 0, 8, 19, NULL, NULL, 'describe the ext', 1, 1, '2018-08-24 18:42:44'),
	(298, 0, 0, 'test', 'ver', 0, 3, 20, NULL, NULL, 'describe the ext', 0, 0, '2018-08-25 22:24:31'),
	(299, 0, 0, 'test', 'ver', 0, 10, 131, NULL, NULL, 'describe the ext', 0, 0, '2018-08-25 22:26:30'),
	(300, 0, 0, 'test', 'ver', 0, 3, 22, NULL, NULL, 'describe the ext', 0, 0, '2018-08-25 22:28:25'),
	(302, 0, 0, 'test', 'ver', 0, 3, 24, NULL, NULL, 'describe the ext', 0, 0, '2018-08-25 22:37:02'),
	(303, 0, 0, 'test', 'ver', 0, 9, 25, NULL, NULL, 'describe the ext', 0, 0, '2018-08-26 09:59:41'),
	(304, 0, 0, 'test', 'ver', 0, 3, 26, NULL, NULL, 'describe the ext', 0, 0, '2018-08-27 10:14:03'),
	(305, 0, 0, 'test', 'ver', 0, 3, 27, NULL, NULL, 'describe the ext', 0, 0, '2018-08-29 10:58:39'),
	(307, 0, 0, '', 'ver', 0, 3, 29, NULL, NULL, 'describe the ext', 0, 1, '2018-08-29 10:59:08'),
	(308, 0, 0, 'kasd', 'ver', 0, 3, 33, NULL, NULL, 'describe the ext', 0, 0, '2018-08-29 11:04:17'),
	(309, 0, 0, 'aaa', 'ver', 2378, 3, 34, NULL, NULL, 'describe the ext', 0, 0, '2016-08-29 11:23:39'),
	(310, 0, 0, 'bbb', 'ver', 234, 3, 35, NULL, NULL, 'describe the ext', 0, 0, '2015-08-29 11:25:11'),
	(312, 0, 0, 'ddd', 'ver', 100, 3, 37, NULL, 33, 'describe the ext', 0, 0, '2018-07-29 11:27:45'),
	(313, 0, 0, 'imence', 'ver', 0, 3, 38, NULL, 34, 'describe the ext', 0, 1, '2018-08-31 11:42:04'),
	(318, 0, 0, 'imence', 'ver', 0, 6, 45, NULL, NULL, 'describe the ext', 1, 0, '2018-09-03 10:57:26'),
	(325, 1, 3, 'imenceqwe', 'ver', 0, 6, 52, NULL, NULL, 'describe the ext', 1, 0, '2018-09-03 11:13:14'),
	(328, 0, 0, 'imenceqwe', 'ver', 0, 6, 55, NULL, NULL, 'describe the ext', 1, 0, '2018-09-03 11:22:51'),
	(332, 1, 2, 'imenceqwe', 'ver', 0, 6, 59, NULL, NULL, 'describe the ext', 1, 0, '2018-09-03 11:29:09'),
	(333, 0, 0, 'imenceqwe', 'ver', 0, 6, 60, NULL, NULL, 'describe the ext', 1, 0, '2018-09-03 11:30:15'),
	(334, 1, 3, 'imenceqwe', 'ver', 0, 6, 61, NULL, NULL, 'describe the ext', 1, 0, '2018-09-03 11:34:41'),
	(337, 0, 0, 'imenceqwe', 'ver', 0, 6, 65, NULL, NULL, 'describe the ext', 1, 0, '2018-09-03 11:39:57'),
	(340, 0, 0, 'web submit', '1.0', 0, 6, 68, 35, NULL, 'ljh<br /><br />ds<br />f<br />dsf<br />sd<br />f<br />', 1, 0, '2018-09-03 11:48:48'),
	(343, 0, 0, 'without image with file', 'asdf', 0, 6, 79, 41, NULL, 'dsfs', 1, 0, '2018-09-03 13:08:21'),
	(344, 0, 0, 'without image with file', 'asdf', 0, 6, 80, 42, NULL, 'dsfs', 1, 0, '2018-09-03 13:09:28'),
	(345, 0, 0, 'sd', 'sad', 0, 6, 81, 43, NULL, 'asd', 1, 0, '2018-09-03 13:10:33'),
	(346, 0, 0, 'asd', 'sad', 0, 6, 82, 44, NULL, 'asd', 0, 0, '2018-09-03 13:11:17'),
	(347, 0, 0, 'test123', '121', 0, 6, 97, NULL, NULL, 'wewe', 1, 0, '2018-09-03 17:36:26'),
	(348, 0, 0, 'test123', '121', 0, 6, 98, NULL, NULL, 'wewe', 1, 0, '2018-09-03 17:36:45'),
	(349, 0, 0, 'test123', '121', 0, 6, 99, NULL, NULL, 'wewe', 1, 0, '2018-09-03 17:40:36'),
	(351, 0, 0, 'test123', '121', 0, 6, 101, NULL, NULL, 'wewe', 1, 0, '2018-09-03 17:47:20'),
	(352, 0, 0, 'test123', '121', 0, 6, 102, NULL, NULL, 'wewe', 1, 0, '2018-09-03 17:47:31'),
	(353, 0, 0, 'test123', '121', 0, 6, 103, NULL, NULL, 'wewe', 1, 0, '2018-09-03 17:54:09'),
	(354, 0, 0, 'imence', 'ver', 0, 6, 108, NULL, NULL, 'describe the ext', 1, 0, '2018-09-04 13:02:39'),
	(355, 0, 0, 'imence', 'ver', 0, 6, 109, NULL, NULL, 'describe the ext', 1, 0, '2018-09-04 13:09:36'),
	(356, 0, 0, 'imence', 'ver', 0, 12, 110, NULL, 49, 'describe the ext', 1, 0, '2018-09-04 13:58:03'),
	(357, 0, 0, 'teuyasdu', '231', 0, 6, 111, NULL, NULL, 'uiasdf<br />fdsaf <br />a<br />f<br /><br /><br />asf adf <br /><br />fasd<br />f', 1, 0, '2018-09-04 23:09:33'),
	(358, 0, 0, 'dsfds', 'ddfffffffff', 0, 6, 114, NULL, NULL, 'dsf<br />fds<br />f<br />sd<br />f<br />ds<br />f<br />dsa<br />f<br />ads<br />f', 1, 0, '2018-09-05 09:26:23'),
	(360, 0, 0, 'dsfds', 'ddfffffffff', 0, 6, 116, NULL, NULL, 'dsf<br />fds<br />f<br />sd<br />f<br />ds<br />f<br />dsa<br />f<br />ads<br />f', 1, 0, '2018-09-05 09:31:08'),
	(362, 0, 0, '213', '321', 0, 6, 118, NULL, NULL, '123', 1, 0, '2018-09-05 09:33:37'),
	(364, 0, 0, '234', '432', 0, 6, 120, NULL, NULL, '234', 1, 0, '2018-09-05 09:35:40'),
	(366, 0, 0, '234', 'werwe', 0, 6, 123, NULL, NULL, 'rwer ewr wer <br />er<br /> qew<br />r <br />qew<br />r <br />qewr ', 1, 0, '2018-09-05 09:41:41'),
	(367, 0, 0, '3r', 'wqeq', 0, 6, 124, NULL, NULL, 'qweqwe', 1, 0, '2018-09-05 09:56:20'),
	(368, 0, 0, '435425', 'gfdsfg', 0, 6, 125, NULL, NULL, 'fdgdsfg', 1, 0, '2018-09-05 09:57:20'),
	(369, 0, 0, 'web submit 34', '123', 0, 6, 126, 50, 51, 'ghgf', 1, 0, '2018-09-05 09:58:16'),
	(370, 0, 0, 'sdgadf', 'sadas', 0, 6, 129, 52, 53, 'sadf<br /><br />dsf<br />a<br />df<br />adsf', 1, 0, '2018-09-05 10:25:36'),
	(371, 0, 0, 'asd', 'asd', 0, 6, 132, NULL, NULL, 'sad<br /><br />asd<br /><br /><br /><br />ADS<br />AD<br />Ads', 0, 1, '2018-09-05 11:06:01'),
	(373, 1, 5, 'newExtension', 'newextesnion', 0, 6, 143, NULL, NULL, 'newextension', 0, 1, '2018-09-09 08:57:54'),
	(374, 0, 0, 'newExtension', 'newew', 0, 6, 144, NULL, NULL, 'dasmdk', 1, 0, '2018-09-09 09:24:03');
/*!40000 ALTER TABLE `extensions` ENABLE KEYS */;

-- Dumping structure for table tick42-quicksilver.extension_tags
CREATE TABLE IF NOT EXISTS `extension_tags` (
  `tag_id` int(11) NOT NULL,
  `extension_id` int(11) NOT NULL,
  UNIQUE KEY `tag_id_extension_id` (`tag_id`,`extension_id`),
  KEY `FK_extension_tags_extensions` (`extension_id`),
  CONSTRAINT `FK_extension_tags_extensions` FOREIGN KEY (`extension_id`) REFERENCES `extensions` (`id`) ON DELETE NO ACTION ON UPDATE NO ACTION,
  CONSTRAINT `FK_extension_tags_tags` FOREIGN KEY (`tag_id`) REFERENCES `tags` (`id`) ON DELETE NO ACTION ON UPDATE NO ACTION
) ENGINE=InnoDB DEFAULT CHARSET=utf8;

-- Dumping data for table tick42-quicksilver.extension_tags: ~287 rows (approximately)
/*!40000 ALTER TABLE `extension_tags` DISABLE KEYS */;
INSERT INTO `extension_tags` (`tag_id`, `extension_id`) VALUES
	(152, 190),
	(152, 191),
	(152, 192),
	(152, 195),
	(152, 196),
	(152, 197),
	(152, 198),
	(152, 199),
	(152, 200),
	(152, 204),
	(152, 220),
	(153, 190),
	(153, 191),
	(153, 192),
	(153, 195),
	(153, 196),
	(153, 197),
	(154, 190),
	(154, 191),
	(154, 192),
	(154, 195),
	(154, 196),
	(154, 197),
	(155, 190),
	(155, 191),
	(155, 192),
	(155, 195),
	(155, 196),
	(155, 197),
	(156, 205),
	(156, 219),
	(168, 220),
	(170, 236),
	(170, 237),
	(170, 238),
	(170, 239),
	(170, 245),
	(171, 236),
	(171, 237),
	(171, 238),
	(171, 239),
	(171, 245),
	(171, 247),
	(171, 248),
	(172, 247),
	(172, 248),
	(173, 249),
	(173, 250),
	(174, 249),
	(175, 250),
	(175, 251),
	(175, 252),
	(175, 253),
	(175, 254),
	(176, 251),
	(176, 252),
	(176, 253),
	(177, 254),
	(177, 255),
	(178, 255),
	(179, 256),
	(180, 256),
	(181, 257),
	(182, 257),
	(182, 258),
	(183, 258),
	(183, 259),
	(183, 260),
	(183, 261),
	(183, 262),
	(183, 263),
	(183, 264),
	(183, 265),
	(183, 266),
	(183, 267),
	(183, 268),
	(183, 271),
	(183, 272),
	(183, 273),
	(183, 274),
	(183, 275),
	(183, 276),
	(183, 277),
	(183, 278),
	(183, 279),
	(183, 280),
	(184, 259),
	(184, 260),
	(184, 261),
	(184, 262),
	(184, 263),
	(184, 264),
	(184, 265),
	(184, 266),
	(184, 267),
	(184, 268),
	(184, 271),
	(184, 272),
	(184, 273),
	(184, 274),
	(184, 275),
	(184, 276),
	(184, 277),
	(184, 278),
	(184, 279),
	(184, 280),
	(184, 328),
	(185, 281),
	(185, 282),
	(185, 283),
	(185, 284),
	(185, 285),
	(185, 287),
	(185, 288),
	(185, 289),
	(185, 290),
	(185, 291),
	(185, 292),
	(185, 293),
	(185, 294),
	(185, 295),
	(185, 296),
	(185, 297),
	(185, 298),
	(185, 299),
	(185, 300),
	(185, 302),
	(185, 303),
	(185, 304),
	(185, 305),
	(185, 307),
	(185, 308),
	(186, 281),
	(186, 282),
	(186, 283),
	(186, 284),
	(186, 285),
	(186, 287),
	(186, 288),
	(186, 289),
	(186, 290),
	(186, 291),
	(186, 292),
	(186, 293),
	(186, 294),
	(186, 295),
	(186, 296),
	(186, 297),
	(186, 298),
	(186, 299),
	(186, 300),
	(186, 302),
	(186, 303),
	(186, 304),
	(186, 305),
	(186, 307),
	(186, 308),
	(187, 281),
	(187, 282),
	(187, 283),
	(187, 284),
	(187, 285),
	(187, 287),
	(187, 288),
	(187, 289),
	(187, 290),
	(187, 291),
	(187, 292),
	(187, 293),
	(187, 294),
	(187, 295),
	(187, 296),
	(187, 297),
	(187, 298),
	(187, 299),
	(187, 300),
	(187, 302),
	(187, 303),
	(187, 304),
	(187, 305),
	(187, 307),
	(187, 308),
	(188, 290),
	(189, 291),
	(189, 292),
	(189, 293),
	(189, 294),
	(189, 295),
	(189, 296),
	(189, 297),
	(189, 298),
	(189, 299),
	(189, 300),
	(189, 302),
	(189, 303),
	(189, 304),
	(189, 305),
	(189, 307),
	(189, 308),
	(191, 313),
	(191, 318),
	(191, 354),
	(191, 355),
	(191, 356),
	(192, 325),
	(194, 332),
	(194, 333),
	(194, 334),
	(195, 337),
	(197, 340),
	(197, 358),
	(197, 360),
	(197, 370),
	(198, 340),
	(198, 358),
	(198, 360),
	(198, 370),
	(199, 340),
	(199, 358),
	(199, 360),
	(199, 370),
	(205, 343),
	(205, 344),
	(206, 345),
	(206, 346),
	(206, 347),
	(206, 348),
	(206, 349),
	(206, 351),
	(206, 352),
	(208, 347),
	(208, 348),
	(208, 349),
	(208, 351),
	(208, 352),
	(208, 353),
	(208, 362),
	(209, 347),
	(209, 348),
	(209, 349),
	(209, 351),
	(209, 352),
	(209, 353),
	(210, 347),
	(210, 348),
	(210, 349),
	(210, 351),
	(210, 352),
	(210, 353),
	(211, 347),
	(211, 348),
	(211, 349),
	(211, 351),
	(211, 352),
	(211, 353),
	(212, 347),
	(212, 348),
	(212, 349),
	(212, 351),
	(212, 352),
	(212, 353),
	(213, 348),
	(213, 349),
	(213, 351),
	(213, 352),
	(213, 353),
	(214, 351),
	(214, 352),
	(214, 353),
	(215, 352),
	(215, 353),
	(219, 353),
	(220, 353),
	(221, 353),
	(222, 353),
	(223, 353),
	(225, 357),
	(226, 357),
	(227, 357),
	(228, 364),
	(228, 368),
	(229, 366),
	(230, 367),
	(232, 369),
	(233, 371),
	(234, 373),
	(237, 374);
/*!40000 ALTER TABLE `extension_tags` ENABLE KEYS */;

-- Dumping structure for table tick42-quicksilver.files
CREATE TABLE IF NOT EXISTS `files` (
  `id` int(11) NOT NULL AUTO_INCREMENT,
  `location` varchar(512) NOT NULL,
  `type` varchar(512) NOT NULL,
  `size` double NOT NULL,
  `name` varchar(512) DEFAULT NULL,
  PRIMARY KEY (`id`)
) ENGINE=InnoDB AUTO_INCREMENT=58 DEFAULT CHARSET=utf8;

-- Dumping data for table tick42-quicksilver.files: ~50 rows (approximately)
/*!40000 ALTER TABLE `files` DISABLE KEYS */;
INSERT INTO `files` (`id`, `location`, `type`, `size`, `name`) VALUES
	(1, 'http://localhost:8080/download/c18fe5_1d90170b2894432a91216c722b339b1e_mv2.png', 'image/png', 11737, 'c18fe5_1d90170b2894432a91216c722b339b1e_mv2.png'),
	(2, 'http://localhost:8080/download/academy-logo-new.png', 'image/png', 3496, 'academy-logo-new.png'),
	(4, 'http://localhost:8080/download/IMG_0946.JPG', 'image/jpeg', 1299724, 'IMG_0946.JPG'),
	(5, 'http://localhost:8080/download/IMG_0946.JPG', 'image/jpeg', 1299724, 'IMG_0946.JPG'),
	(6, 'http://localhost:8080/download/Capture.PNG', 'image/png', 105930, 'Capture.PNG'),
	(7, 'http://localhost:8080/download/Capture.PNG', 'image/png', 105930, 'Capture.PNG'),
	(8, 'http://localhost:8080/download/Capture.PNG', 'image/png', 105930, 'Capture.PNG'),
	(9, 'http://localhost:8080/download/Capture.PNG', 'image/png', 105930, 'Capture.PNG'),
	(10, 'http://localhost:8080/download/Capture.PNG', 'image/png', 105930, 'Capture.PNG'),
	(11, 'http://localhost:8080/download/Capture.PNG', 'image/png', 105930, 'Capture.PNG'),
	(12, 'http://localhost:8080/download/Capture.PNG', 'image/png', 105930, 'Capture.PNG'),
	(13, 'http://localhost:8080/download/Capture.PNG', 'image/png', 105930, 'Capture.PNG'),
	(14, 'http://localhost:8080/download/Capture.PNG', 'image/png', 105930, 'Capture.PNG'),
	(15, 'http://localhost:8080/download/Capture.PNG', 'image/png', 105930, 'Capture.PNG'),
	(16, 'http://localhost:8080/download/Capture.PNG', 'image/png', 105930, 'Capture.PNG'),
	(17, 'http://localhost:8080/download/Capture.PNG', 'image/png', 105930, 'Capture.PNG'),
	(18, 'http://localhost:8080/download/Capture.PNG', 'image/png', 105930, 'Capture.PNG'),
	(19, 'http://localhost:8080/download/Capture.PNG', 'image/png', 105930, 'Capture.PNG'),
	(20, 'http://localhost:8080/download/Capture.PNG', 'image/png', 105930, 'Capture.PNG'),
	(21, 'http://localhost:8080/download/Capture.PNG', 'image/png', 105930, 'Capture.PNG'),
	(22, 'http://localhost:8080/download/Capture.PNG', 'image/png', 105930, 'Capture.PNG'),
	(23, 'http://localhost:8080/download/Capture.PNG', 'image/png', 105930, 'Capture.PNG'),
	(24, 'http://localhost:8080/download/Capture.PNG', 'image/png', 105930, 'Capture.PNG'),
	(25, 'http://localhost:8080/download/Capture.PNG', 'image/png', 105930, 'Capture.PNG'),
	(26, 'http://localhost:8080/download/261_file.txt', 'text/plain', 3053, '261_file.txt'),
	(27, 'http://localhost:8080/download/261_file.txt', 'text/plain', 3053, '261_file.txt'),
	(28, 'http://localhost:8080/download/261_image.png', 'image/png', 14052, '261_image.png'),
	(29, 'http://localhost:8080/api/download/261_image.png', 'image/png', 14052, '261_image.png'),
	(30, 'http://localhost:8080/api/download/262_file.pdf', 'application/pdf', 1549897, '262_file.pdf'),
	(31, 'http://localhost:8080/api/download/262_image.png', 'image/png', 14052, '262_image.png'),
	(32, 'http://localhost:8080/api/download/284_image.png', 'image/png', 14052, '284_image.png'),
	(33, 'http://localhost:8080/api/download/312_image.png', 'image/png', 10920, '312_image.png'),
	(34, 'http://localhost:8080/api/download/313_image.png', 'image/png', 10749, '313_image.png'),
	(35, 'http://localhost:8080/api/download/340_file.png', 'image/png', 5409, '340_file.png'),
	(36, 'http://localhost:8080/api/download/341_file.png', 'image/png', 14051, '341_file.png'),
	(39, 'http://localhost:8080/api/download/341_file.png', 'image/png', 5409, '341_file.png'),
	(40, 'http://localhost:8080/api/download/341_image.png', 'image/png', 5409, '341_image.png'),
	(41, 'http://localhost:8080/api/download/343_file.png', 'image/png', 5519, '343_file.png'),
	(42, 'http://localhost:8080/api/download/344_file.png', 'image/png', 5519, '344_file.png'),
	(43, 'http://localhost:8080/api/download/345_file.png', 'image/png', 5519, '345_file.png'),
	(44, 'http://localhost:8080/api/download/346_file.png', 'image/png', 5519, '346_file.png'),
	(45, 'http://localhost:8080/api/download/341_file.png', 'image/png', 5519, '341_file.png'),
	(46, 'http://localhost:8080/api/download/341_image.png', 'image/png', 5519, '341_image.png'),
	(49, 'http://localhost:8080/api/download/356_image.png', 'image/png', 4945, '356_image.png'),
	(50, 'http://localhost:8080/api/download/369_file.png', 'image/png', 12328, '369_file.png'),
	(51, 'http://localhost:8080/api/download/369_image.png', 'image/png', 5519, '369_image.png'),
	(52, 'http://localhost:8080/api/download/370_file.png', 'image/png', 4830, '370_file.png'),
	(53, 'http://localhost:8080/api/download/370_image.png', 'image/png', 4830, '370_image.png'),
	(56, 'http://localhost:8080/api/download/268_file.png', 'image/png', 10920, '268_file.png'),
	(57, 'http://localhost:8080/api/download/268_image.png', 'image/png', 4830, '268_image.png');
/*!40000 ALTER TABLE `files` ENABLE KEYS */;

-- Dumping structure for table tick42-quicksilver.github
CREATE TABLE IF NOT EXISTS `github` (
  `id` int(11) NOT NULL AUTO_INCREMENT,
  `link` varchar(512) DEFAULT NULL,
  `user` varchar(512) DEFAULT NULL,
  `repo` varchar(512) DEFAULT NULL,
  `last_commit` datetime DEFAULT NULL,
  `open_issues` int(11) DEFAULT NULL,
  `pull_requests` int(11) DEFAULT NULL,
  `last_success` datetime DEFAULT NULL,
  `last_fail` datetime DEFAULT NULL,
  `fail_msg` text DEFAULT NULL,
  PRIMARY KEY (`id`)
) ENGINE=InnoDB AUTO_INCREMENT=145 DEFAULT CHARSET=utf8;

-- Dumping data for table tick42-quicksilver.github: ~111 rows (approximately)
/*!40000 ALTER TABLE `github` DISABLE KEYS */;
INSERT INTO `github` (`id`, `link`, `user`, `repo`, `last_commit`, `open_issues`, `pull_requests`, `last_success`, `last_fail`, `fail_msg`) VALUES
	(1, 'https://github.com/Smytt/Tick42-ExtensionRepository', 'Smyttsdjkf', 'Tick42-ExtensionRepository', '2018-09-07 05:44:50', 0, 0, '2018-09-07 16:16:28', '2018-09-07 18:03:39', 'Couldn\'t connect to Smyttsdjkf/Tick42-ExtensionRepository. Check URL.'),
	(2, 'https://github.com/Smytt/Tick42-ExtensionRepository', 'Smytt', 'Tick42-ExtensionRepository', '2018-09-07 05:44:50', 0, 0, '2018-09-07 18:03:42', NULL, NULL),
	(3, 'https://github.com/Smytt/Tick42-ExtensionRepository', 'Smytt', 'Tick42-ExtensionRepository', '2018-09-07 05:44:50', 0, 0, '2018-09-07 18:03:45', NULL, NULL),
	(4, 'https://github.com/Smytt/Tick42-ExtensionRepository', 'Smytt', 'Tick42-ExtensionRepository', '2018-09-07 05:44:50', 0, 0, '2018-09-07 18:17:33', NULL, NULL),
	(5, 'https://github.com/Smytt/Tick42-ExtensionRepository', 'Smytt', 'Tick42-ExtensionRepository', '2018-09-07 05:44:50', 0, 0, '2018-09-07 18:03:49', NULL, NULL),
	(6, 'https://github.com/Smytt/Tick42-ExtensionRepository', 'Smytt', 'Tick42-ExtensionRepository', '2018-09-07 05:44:50', 0, 0, '2018-09-07 18:03:51', NULL, NULL),
	(7, 'https://github.com/Smytt/Tick42-ExtensionRepository', 'Smytt', 'Tick42-ExtensionRepository', '2018-09-07 05:44:50', 0, 0, '2018-09-07 18:03:54', NULL, NULL),
	(8, 'https://github.com/Smytt/Tick42-ExtensionRepository', 'Smytt', 'Tick42-ExtensionRepository', '2018-09-07 05:44:50', 0, 0, '2018-09-07 18:03:56', NULL, NULL),
	(9, 'https://github.com/Smytt/Tick42-ExtensionRepository', 'Smytt', 'Tick42-ExtensionRepository', '2018-09-07 05:44:50', 0, 0, '2018-09-07 18:03:58', NULL, NULL),
	(10, 'https://github.com/Smytt/Tick42-ExtensionRepository', 'Smytt', 'Tick42-ExtensionRepository', '2018-09-07 05:44:50', 0, 0, '2018-09-07 18:04:00', NULL, NULL),
	(11, 'https://github.com/Smytt/Tick42-ExtensionRepository', 'Smytt', 'Tick42-ExtensionRepository', '2018-09-07 05:44:50', 0, 0, '2018-09-07 18:04:02', NULL, NULL),
	(12, 'https://github.com/Smytt/Tick42-ExtensionRepository', 'Smytt', 'Tick42-ExtensionRepository', '2018-09-07 05:44:50', 0, 0, '2018-09-07 18:04:05', NULL, NULL),
	(13, 'https://github.com/Smytt/Tick42-ExtensionRepository', 'Smytt', 'Tick42-ExtensionRepository', '2018-09-07 05:44:50', 0, 0, '2018-09-07 18:04:07', NULL, NULL),
	(14, 'https://github.com/Smytt/Tick42-ExtensionRepository', 'Smytt', 'Tick42-ExtensionRepository', '2018-09-07 05:44:50', 0, 0, '2018-09-07 18:04:10', NULL, NULL),
	(15, 'https://github.com/Smytt/Tick42-ExtensionRepository', 'Smytt', 'Tick42-ExtensionRepository', '2018-09-07 05:44:50', 0, 0, '2018-09-07 18:04:12', NULL, NULL),
	(16, 'https://github.com/Smytt/Tick42-ExtensionRepository', 'Smytt', 'Tick42-ExtensionRepository', '2018-09-07 05:44:50', 0, 0, '2018-09-07 18:04:14', NULL, NULL),
	(17, 'https://github.com/Smytt/Tick42-ExtensionRepository', 'Smytt', 'Tick42-ExtensionRepository', '2018-09-07 05:44:50', 0, 0, '2018-09-07 18:04:16', NULL, NULL),
	(18, 'https://github.com/Smytt/Tick42-ExtensionRepository', 'Smytt', 'Tick42-ExtensionRepository', '2018-09-07 05:44:50', 0, 0, '2018-09-07 18:04:18', NULL, NULL),
	(19, 'https://github.com/Smytt/Tick42-ExtensionRepository', 'Smytt', 'Tick42-ExtensionRepository', '2018-09-07 05:44:50', 0, 0, '2018-09-07 18:04:20', NULL, NULL),
	(20, 'https://github.com/Smytt/Tick42-ExtensionRepository', 'Smytt', 'Tick42-ExtensionRepository', '2018-09-07 05:44:50', 0, 0, '2018-09-07 18:04:23', NULL, NULL),
	(21, 'https://github.com/Smytt/Tick42-ExtensionRepository', 'Smytt', 'Tick42-ExtensionRepository', '2018-09-07 05:44:50', 0, 0, '2018-09-07 18:04:25', NULL, NULL),
	(22, 'https://github.com/octocat/Hello-World', 'octocat', 'Hello-World', '2012-03-07 01:06:50', 136, 147, '2018-09-07 18:04:33', NULL, NULL),
	(24, 'https://github.com/octocat/Hello-World', 'octocat', 'Hello-World', '2012-03-07 01:06:50', 136, 147, '2018-09-07 18:04:44', NULL, NULL),
	(25, 'https://github.com/octocat/Hello-World', 'octocat', 'Hello-World', '2012-03-07 01:06:50', 136, 147, '2018-09-07 18:04:53', NULL, NULL),
	(26, 'https://github.com/octocat/Hello-World', 'octocat', 'Hello-World', '2012-03-07 01:06:50', 136, 147, '2018-09-07 18:05:02', NULL, NULL),
	(27, 'https://github.com/octocat/Hello-World', 'octocat', 'Hello-World', '2012-03-07 01:06:50', 136, 147, '2018-09-07 18:05:14', NULL, NULL),
	(29, 'https://github.com/octocat/Hello-World', 'octocat', 'Hello-World', '2012-03-07 01:06:50', 136, 147, '2018-09-07 18:05:32', NULL, NULL),
	(30, 'https://github.com/octocat/Hello-World', 'octocat', 'Hello-World', '2012-03-07 01:06:50', 136, 147, '2018-09-07 18:05:41', NULL, NULL),
	(31, 'https://github.com/octocat/Hello-World', 'octocat', 'Hello-World', '2012-03-07 01:06:50', 136, 147, '2018-09-07 18:05:50', NULL, NULL),
	(32, 'https://github.com/octocat/Hello-World', 'octocat', 'Hello-World', '2012-03-07 01:06:50', 136, 147, '2018-09-07 18:05:59', NULL, NULL),
	(33, 'https://github.com/octocat/Hello-World', 'octocat', 'Hello-World', '2012-03-07 01:06:50', 136, 147, '2018-09-07 18:06:10', NULL, NULL),
	(34, 'https://github.com/octocat/Hello-World', 'octocat', 'Hello-World', '2012-03-07 01:06:50', 136, 147, '2018-09-07 18:06:19', NULL, NULL),
	(35, 'https://github.com/octocat/Hello-World', 'octocat', 'Hello-World', '2012-03-07 01:06:50', 136, 147, '2018-09-07 18:06:28', NULL, NULL),
	(37, 'https://github.com/octocat/Hello-World', 'octocat', 'Hello-World', '2012-03-07 01:06:50', 136, 147, '2018-09-07 17:55:14', NULL, NULL),
	(38, 'https://github.com/octocat/Hello-World', 'octocat', 'Hello-World', '2012-03-07 01:06:50', 136, 147, '2018-09-07 17:55:23', NULL, NULL),
	(40, 'https://github.com/asdas/asd', 'asdas', 'asd', NULL, 0, 0, NULL, NULL, NULL),
	(41, 'https://github.com/clintbellanger/flare-game', 'clintbellanger', 'flare-game', '2018-08-31 19:57:07', 50, 0, '2018-09-07 17:47:51', NULL, NULL),
	(45, 'https://github.com/clintbellanger/flare-game', 'clintbellanger', 'flare-game', '2018-08-31 19:57:07', 50, 0, '2018-09-07 17:48:39', NULL, NULL),
	(52, 'https://github.com/Smytt/Tick42-ExtensionRepository', 'Smytt', 'Tick42-ExtensionRepository', '2018-09-07 05:44:50', 0, 0, '2018-09-07 17:48:41', NULL, NULL),
	(55, 'https://github.com/Smytt/Tick42-ExtensionRepository', 'Smytt', 'Tick42-ExtensionRepository', '2018-09-07 05:44:50', 0, 0, '2018-09-07 17:48:44', NULL, NULL),
	(59, 'https://github.com/Smytt/Tick42-ExtensionRepository', 'Smytt', 'Tick42-ExtensionRepository', '2018-09-07 05:44:50', 0, 0, '2018-09-07 17:48:46', NULL, NULL),
	(60, 'https://github.com/Smytt/Tick42-ExtensionRepository', 'Smytt', 'Tick42-ExtensionRepository', '2018-09-07 05:44:50', 0, 0, '2018-09-07 17:48:48', NULL, NULL),
	(61, 'https://github.com/Smytt/Tick42-ExtensionRepository', 'Smytt', 'Tick42-ExtensionRepository', '2018-09-07 05:44:50', 0, 0, '2018-09-07 17:48:50', NULL, NULL),
	(64, 'https://github.com/Smytt/Tick42-ExtensionRepository', 'Smytt', 'Tick42-ExtensionRepository', '2018-09-07 05:44:50', 0, 0, '2018-09-07 17:48:52', NULL, NULL),
	(65, 'https://github.com/Smytt/Tick42-ExtensionRepository', 'Smytt', 'Tick42-ExtensionRepository', '2018-09-07 05:44:50', 0, 0, '2018-09-07 17:48:54', NULL, NULL),
	(68, 'https://github.com/Smytt/Tick42-ExtensionRepository', 'Smytt', 'Tick42-ExtensionRepository', '2018-09-07 05:44:50', 0, 0, '2018-09-07 17:48:57', NULL, NULL),
	(69, 'https://github.com/Smytt/Tick42-ExtensionRepository', 'Smytt', 'Tick42-ExtensionRepository', '2018-09-07 05:44:50', 0, 0, '2018-09-07 17:48:59', NULL, NULL),
	(70, 'https://github.com/Smytt/Tick42-ExtensionRepository', 'Smytt', 'Tick42-ExtensionRepository', '2018-09-07 05:44:50', 0, 0, '2018-09-07 17:49:03', NULL, NULL),
	(71, 'https://github.com/Smytt/Tick42-ExtensionRepository', 'Smytt', 'Tick42-ExtensionRepository', '2018-09-07 05:44:50', 0, 0, '2018-09-07 17:49:06', NULL, NULL),
	(72, 'https://github.com/Smytt/Tick42-ExtensionRepository', 'Smytt', 'Tick42-ExtensionRepository', '2018-09-07 05:44:50', 0, 0, '2018-09-07 17:49:08', NULL, NULL),
	(73, 'https://github.com/Smytt/Tick42-ExtensionRepository', 'Smytt', 'Tick42-ExtensionRepository', '2018-09-07 05:44:50', 0, 0, '2018-09-07 17:49:10', NULL, NULL),
	(74, 'https://github.com/Smytt/Tick42-ExtensionRepository', 'Smytt', 'Tick42-ExtensionRepository', '2018-09-07 05:44:50', 0, 0, '2018-09-07 17:49:13', NULL, NULL),
	(75, 'https://github.com/Smytt/Tick42-ExtensionRepository', 'Smytt', 'Tick42-ExtensionRepository', '2018-09-07 05:44:50', 0, 0, '2018-09-07 17:49:15', NULL, NULL),
	(76, 'https://github.com/Smytt/Tick42-ExtensionRepository', 'Smytt', 'Tick42-ExtensionRepository', '2018-09-07 05:44:50', 0, 0, '2018-09-07 17:49:17', NULL, NULL),
	(77, 'https://github.com/Smytt/Tick42-ExtensionRepository', 'Smytt', 'Tick42-ExtensionRepository', '2018-09-07 05:44:50', 0, 0, '2018-09-07 17:49:19', NULL, NULL),
	(78, 'https://github.com/Smytt/Tick42-ExtensionRepository', 'Smytt', 'Tick42-ExtensionRepository', '2018-09-07 05:44:50', 0, 0, '2018-09-07 17:49:21', NULL, NULL),
	(79, 'https://github.com/Smytt/Tick42-ExtensionRepository', 'Smytt', 'Tick42-ExtensionRepository', '2018-09-07 05:44:50', 0, 0, '2018-09-07 17:49:24', NULL, NULL),
	(80, 'https://github.com/Smytt/Tick42-ExtensionRepository', 'Smytt', 'Tick42-ExtensionRepository', '2018-09-07 05:44:50', 0, 0, '2018-09-07 17:49:26', NULL, NULL),
	(81, 'https://github.com/Smytt/Tick42-ExtensionRepository', 'Smytt', 'Tick42-ExtensionRepository', '2018-09-07 05:44:50', 0, 0, '2018-09-07 17:49:28', NULL, NULL),
	(82, 'https://github.com/Smytt/Tick42-ExtensionRepository', 'Smytt', 'Tick42-ExtensionRepository', '2018-09-07 05:44:50', 0, 0, '2018-09-07 17:49:30', NULL, NULL),
	(83, 'https://github.com/Smytt/Tick42-ExtensionRepository', 'Smytt', 'Tick42-ExtensionRepository', '2018-09-07 05:44:50', 0, 0, '2018-09-07 17:49:32', NULL, NULL),
	(84, 'https://github.com/Smytt/Tick42-ExtensionRepository', 'Smytt', 'Tick42-ExtensionRepository', '2018-09-07 05:44:50', 0, 0, '2018-09-07 17:49:34', NULL, NULL),
	(85, 'https://github.com/Smytt/Tick42-ExtensionRepository', 'Smytt', 'Tick42-ExtensionRepository', '2018-09-07 05:44:50', 0, 0, '2018-09-07 17:49:36', NULL, NULL),
	(86, 'https://github.com/Smytt/Tick42-ExtensionRepository', 'Smytt', 'Tick42-ExtensionRepository', '2018-09-07 05:44:50', 0, 0, '2018-09-07 17:49:39', NULL, NULL),
	(87, 'https://github.com/Smytt/Tick42-ExtensionRepository', 'Smytt', 'Tick42-ExtensionRepository', '2018-09-07 05:44:50', 0, 0, '2018-09-07 17:49:41', NULL, NULL),
	(88, 'https://github.com/Smytt/Tick42-ExtensionRepository', 'Smytt', 'Tick42-ExtensionRepository', '2018-09-07 05:44:50', 0, 0, '2018-09-07 17:49:43', NULL, NULL),
	(89, 'https://github.com/Smytt/Tick42-ExtensionRepository', 'Smytt', 'Tick42-ExtensionRepository', '2018-09-07 05:44:50', 0, 0, '2018-09-07 17:49:45', NULL, NULL),
	(90, 'https://github.com/Smytt/Tick42-ExtensionRepository', 'Smytt', 'Tick42-ExtensionRepository', '2018-09-07 05:44:50', 0, 0, '2018-09-07 17:49:47', NULL, NULL),
	(91, 'https://github.com/Smytt/Tick42-ExtensionRepository', 'Smytt', 'Tick42-ExtensionRepository', '2018-09-07 05:44:50', 0, 0, '2018-09-07 17:49:50', NULL, NULL),
	(92, 'https://github.com/Smytt/Tick42-ExtensionRepository', 'Smytt', 'Tick42-ExtensionRepository', '2018-09-07 05:44:50', 0, 0, '2018-09-07 17:49:52', NULL, NULL),
	(93, 'https://github.com/Smytt/Tick42-ExtensionRepository', 'Smytt', 'Tick42-ExtensionRepository', '2018-09-07 05:44:50', 0, 0, '2018-09-07 17:49:54', NULL, NULL),
	(95, 'https://github.com/Smytt/Tick42-ExtensionRepository', 'Smytt', 'Tick42-ExtensionRepository', '2018-09-07 05:44:50', 0, 0, '2018-09-07 17:49:56', NULL, NULL),
	(97, 'https://github.com/Petroslav/telerik-alpha-final-project', 'Petroslav', 'telerik-alpha-final-project', '2018-09-07 17:14:20', 0, 0, '2018-09-07 17:49:59', NULL, NULL),
	(98, 'https://github.com/Petroslav/telerik-alpha-final-project', 'Petroslav', 'telerik-alpha-final-project', '2018-09-07 17:14:20', 0, 0, '2018-09-07 17:50:01', NULL, NULL),
	(99, 'https://github.com/Petroslav/telerik-alpha-final-project', 'Petroslav', 'telerik-alpha-final-project', '2018-09-07 17:14:20', 0, 0, '2018-09-07 17:50:04', NULL, NULL),
	(101, 'https://github.com/Petroslav/telerik-alpha-final-project', 'Petroslav', 'telerik-alpha-final-project', '2018-09-07 17:14:20', 0, 0, '2018-09-07 17:50:07', NULL, NULL),
	(102, 'https://github.com/Petroslav/telerik-alpha-final-project', 'Petroslav', 'telerik-alpha-final-project', '2018-09-07 17:14:20', 0, 0, '2018-09-07 17:50:09', NULL, NULL),
	(103, 'https://github.com/Petroslav/telerik-alpha-final-project', 'Petroslav', 'telerik-alpha-final-project', '2018-09-07 17:14:20', 0, 0, '2018-09-07 17:50:11', NULL, NULL),
	(104, 'https://github.com/octocat/Hello-World', 'octocat', 'Hello-World', '2012-03-07 01:06:50', 136, 147, '2018-09-07 17:50:20', NULL, NULL),
	(105, 'https://github.com/octocat/Hello-World', 'octocat', 'Hello-World', '2012-03-07 01:06:50', 136, 147, '2018-09-07 17:50:29', NULL, NULL),
	(106, 'https://github.com/octocat/Hello-World', 'octocat', 'Hello-World', '2012-03-07 01:06:50', 136, 147, '2018-09-07 17:50:39', NULL, NULL),
	(107, 'https://github.com/octocat/Hello-World', 'octocat', 'Hello-World', '2012-03-07 01:06:50', 136, 147, '2018-09-07 17:50:48', NULL, NULL),
	(108, 'https://github.com/octocat/Hello-World', 'octocat', 'Hello-World', '2012-03-07 01:06:50', 136, 147, '2018-09-07 17:50:57', NULL, NULL),
	(109, 'https://github.com/octocat/Hello-World', 'octocat', 'Hello-World', '2012-03-07 01:06:50', 136, 147, '2018-09-07 17:51:11', NULL, NULL),
	(110, 'https://github.com/octocat/Hello-World', 'octocat', 'Hello-World', '2012-03-07 01:06:50', 136, 147, '2018-09-07 17:51:21', NULL, NULL),
	(111, 'https://github.com/Smytt/Tick42-ExtensionRepository', 'Smytt', 'Tick42-ExtensionRepository', '2018-09-07 05:44:50', 0, 0, '2018-09-07 17:51:24', NULL, NULL),
	(112, 'https://github.com/Smytt/Tick42-ExtensionRepository', 'Smytt', 'Tick42-ExtensionRepository', '2018-09-07 05:44:50', 0, 0, '2018-09-07 17:51:27', NULL, NULL),
	(113, 'https://github.com/Smytt/Tick42-ExtensionRepository', 'Smytt', 'Tick42-ExtensionRepository', '2018-09-07 05:44:50', 0, 0, '2018-09-07 17:51:29', NULL, NULL),
	(114, 'https://github.com/Smytt/Tick42-ExtensionRepository', 'Smytt', 'Tick42-ExtensionRepository', '2018-09-07 05:44:50', 0, 0, '2018-09-07 17:51:32', NULL, NULL),
	(116, 'https://github.com/Smytt/Tick42-ExtensionRepository', 'Smytt', 'Tick42-ExtensionRepository', '2018-09-07 05:44:50', 0, 0, '2018-09-07 17:51:37', NULL, NULL),
	(118, 'https://github.com/Smytt/Tick42-ExtensionRepository', 'Smytt', 'Tick42-ExtensionRepository', '2018-09-07 05:44:50', 0, 0, '2018-09-07 17:51:42', NULL, NULL),
	(120, 'https://github.com/Smytt/Tick42-ExtensionRepository', 'Smytt', 'Tick42-ExtensionRepository', '2018-09-07 05:44:50', 0, 0, '2018-09-07 17:51:44', NULL, NULL),
	(121, 'https://github.com/Smytt/Tick42-ExtensionRepository', 'Smytt', 'Tick42-ExtensionRepository', '2018-09-07 05:44:50', 0, 0, '2018-09-07 17:51:47', NULL, NULL),
	(123, 'https://github.com/Smytt/Tick42-ExtensionRepository', 'Smytt', 'Tick42-ExtensionRepository', '2018-09-07 05:44:50', 0, 0, '2018-09-07 17:51:53', NULL, NULL),
	(124, 'https://github.com/Smytt/Tick42-ExtensionRepository', 'Smytt', 'Tick42-ExtensionRepository', '2018-09-07 05:44:50', 0, 0, '2018-09-07 17:51:55', NULL, NULL),
	(125, 'https://github.com/Smytt/Tick42-ExtensionRepository', 'Smytt', 'Tick42-ExtensionRepository', '2018-09-07 05:44:50', 0, 0, '2018-09-07 17:51:59', NULL, NULL),
	(126, 'https://github.com/Smytt/Tick42-ExtensionRepository', 'Smytt', 'Tick42-ExtensionRepository', '2018-09-07 05:44:50', 0, 0, '2018-09-07 17:52:02', NULL, NULL),
	(127, 'https://github.com/Smytt/Tick42-ExtensionRepository', 'Smytt', 'Tick42-ExtensionRepository', '2018-09-07 05:44:50', 0, 0, '2018-09-07 17:52:05', NULL, NULL),
	(128, 'https://github.com/Smytt/Tick42-ExtensionRepository', 'Smytt', 'Tick42-ExtensionRepository', '2018-09-07 05:44:50', 0, 0, '2018-09-07 17:52:08', NULL, NULL),
	(129, 'https://github.com/Smytt/Tick42-ExtensionRepository', 'Smytt', 'Tick42-ExtensionRepository', '2018-09-07 05:44:50', 0, 0, '2018-09-07 17:52:10', NULL, NULL),
	(131, 'https://github.com/Smytt/Tick42-ExtensionRepository', 'Smytt', 'Tick42-ExtensionRepository', '2018-09-07 05:44:50', 0, 0, '2018-09-07 17:52:12', NULL, NULL),
	(132, 'https://github.com/Smytt/Tick42-ExtensionRepository', 'Smytt', 'Tick42-ExtensionRepository', '2018-09-07 05:44:50', 0, 0, '2018-09-07 17:52:15', NULL, NULL),
	(133, 'https://github.com/Smytt/Tick42-ExtensionRepository', 'Smytt', 'Tick42-ExtensionRepository', '2018-09-07 05:44:50', 0, 0, '2018-09-07 17:52:17', NULL, NULL),
	(135, 'https://github.com/Smytt/Tick42-ExtensionRepository', 'Smytt', 'Tick42-ExtensionRepository', '2018-09-07 05:44:50', 0, 0, '2018-09-07 17:52:19', NULL, NULL),
	(137, 'https://github.com/Smytt/Tick42-ExtensionRepostory', 'Smytt', 'Tick42-ExtensionRepostory', NULL, 0, 0, NULL, '2018-09-07 18:18:00', 'Couldn\'t connect to https://github.com/Smytt/Tick42-ExtensionRepostory. Check URL.'),
	(138, 'https://github.com/Smytt/Tick42-ExtensionRepository', 'Smytt', 'Tick42-ExtensionRepository', '2018-09-07 05:44:50', 0, 0, '2018-09-07 18:18:18', NULL, NULL),
	(139, 'https://github.com/Smytt/Tick42-ExtensionRepositor', 'Smytt', 'Tick42-ExtensionRepositor', NULL, 0, 0, NULL, '2018-09-07 18:18:25', 'Couldn\'t connect to https://github.com/Smytt/Tick42-ExtensionRepositor. Check URL.'),
	(140, 'https://github.com/Smytt/Tick42-ExtensionRepositor', 'Smytt', 'Tick42-ExtensionRepositor', NULL, 0, 0, NULL, '2018-09-07 18:21:21', 'Couldn\'t connect to https://github.com/Smytt/Tick42-ExtensionRepositor. Check URL.'),
	(141, 'https://github.com/Smytt/Tick42-ExtensionRepository', 'Smytt', 'Tick42-ExtensionRepository', '2018-09-07 05:44:50', 0, 0, '2018-09-07 18:29:49', '2018-09-07 18:29:31', 'Couldn\'t connect to https://github.com/Smytt/Tick42-ExtensionRepositor. Check URL.'),
	(143, 'https://github.com/Smytt/Tick42-ExtensionRepository', 'Smytt', 'Tick42-ExtensionRepository', '2018-09-09 08:42:23', 0, 0, '2018-09-09 08:57:58', NULL, NULL),
	(144, 'https://github.com/Smytt/Tick42-ExtensionRepository', 'Smytt', 'Tick42-ExtensionRepository', '2018-09-09 08:42:23', 0, 0, '2018-09-09 09:24:06', NULL, NULL);
/*!40000 ALTER TABLE `github` ENABLE KEYS */;

-- Dumping structure for table tick42-quicksilver.ratings
CREATE TABLE IF NOT EXISTS `ratings` (
  `user` int(11) NOT NULL,
  `rating` int(1) NOT NULL DEFAULT 0,
  `extension` int(11) NOT NULL,
  PRIMARY KEY (`user`,`extension`),
  KEY `extension` (`extension`),
  CONSTRAINT `FK1_extensions_extension_id` FOREIGN KEY (`extension`) REFERENCES `extensions` (`id`) ON DELETE CASCADE ON UPDATE NO ACTION,
  CONSTRAINT `FK2_users_user_id` FOREIGN KEY (`user`) REFERENCES `users` (`id`) ON DELETE CASCADE ON UPDATE NO ACTION
) ENGINE=InnoDB DEFAULT CHARSET=utf8;

-- Dumping data for table tick42-quicksilver.ratings: ~3 rows (approximately)
/*!40000 ALTER TABLE `ratings` DISABLE KEYS */;
INSERT INTO `ratings` (`user`, `rating`, `extension`) VALUES
	(6, 3, 325),
	(6, 2, 332),
	(6, 3, 334),
	(6, 5, 373);
/*!40000 ALTER TABLE `ratings` ENABLE KEYS */;

-- Dumping structure for table tick42-quicksilver.tags
CREATE TABLE IF NOT EXISTS `tags` (
  `id` int(11) NOT NULL AUTO_INCREMENT,
  `name` char(50) NOT NULL,
  PRIMARY KEY (`id`),
  UNIQUE KEY `name` (`name`)
) ENGINE=InnoDB AUTO_INCREMENT=238 DEFAULT CHARSET=utf8;

-- Dumping data for table tick42-quicksilver.tags: ~69 rows (approximately)
/*!40000 ALTER TABLE `tags` DISABLE KEYS */;
INSERT INTO `tags` (`id`, `name`) VALUES
	(190, ''),
	(181, '11'),
	(205, '12'),
	(214, '123123'),
	(170, '21312'),
	(226, '213123'),
	(182, '22'),
	(225, '23'),
	(213, '2385643252755878'),
	(227, '3'),
	(228, '324'),
	(183, '33'),
	(184, '44'),
	(194, '44212'),
	(195, '4423312'),
	(196, '4423312342342'),
	(212, 'adf'),
	(200, 'adqweqw'),
	(206, 'asd'),
	(187, 'batcat'),
	(185, 'batman'),
	(203, 'chetiri'),
	(210, 'das'),
	(220, 'df'),
	(232, 'dfhsdfh'),
	(209, 'dsf'),
	(229, 'eer'),
	(234, 'extension'),
	(211, 'f'),
	(223, 'fadsf'),
	(236, 'guide'),
	(192, 'hskjhgdkjfgadkjsgf'),
	(173, 'kkk'),
	(155, 'lelzzzz'),
	(174, 'lll'),
	(171, 'lo123123lw'),
	(153, 'lolw'),
	(175, 'mmm'),
	(172, 'new'),
	(237, 'newextension'),
	(176, 'nnn'),
	(152, 'omg'),
	(169, 'omg2'),
	(156, 'omgrewrew'),
	(204, 'pet'),
	(233, 'qw'),
	(186, 'robim'),
	(154, 'roflmao'),
	(222, 'sad'),
	(221, 'sadf'),
	(219, 'sd'),
	(208, 'sdf'),
	(207, 'shest'),
	(198, 'site'),
	(199, 'submit'),
	(168, 'taggggg'),
	(191, 'tagyy'),
	(235, 'test'),
	(189, 'the joker'),
	(188, 'the joker,'),
	(202, 'tri'),
	(197, 'web'),
	(201, 'web submit 3'),
	(230, 'wwqe'),
	(215, 'yhjjjjj7'),
	(179, 'ерер'),
	(177, 'ооо'),
	(178, 'ппп'),
	(180, 'уъуъу');
/*!40000 ALTER TABLE `tags` ENABLE KEYS */;

-- Dumping structure for table tick42-quicksilver.users
CREATE TABLE IF NOT EXISTS `users` (
  `username` varchar(50) NOT NULL,
  `password` varchar(68) NOT NULL,
  `enabled` tinyint(4) NOT NULL,
  `id` int(11) NOT NULL AUTO_INCREMENT,
  `role` varchar(50) DEFAULT 'user',
  `extensions_rated` double NOT NULL DEFAULT 0,
  `rating` double NOT NULL DEFAULT 0,
  PRIMARY KEY (`id`),
  UNIQUE KEY `username` (`username`)
) ENGINE=InnoDB AUTO_INCREMENT=18 DEFAULT CHARSET=utf8;

-- Dumping data for table tick42-quicksilver.users: ~16 rows (approximately)
/*!40000 ALTER TABLE `users` DISABLE KEYS */;
INSERT INTO `users` (`username`, `password`, `enabled`, `id`, `role`, `extensions_rated`, `rating`) VALUES
	('go', '{bcrypt}$2a$10$fPcD/wcIXiET13WevWuMhuA0TqST0jEAd2HNsp6GDciaACyGdM29i', 0, 1, 'user', 0, 0),
	('gosho', '{bcrypt}$2a$10$gEN6oRI0rZxDSEATeuGWwOX6x7un5a1B5pcWJnH4SIdf7n4NmSuxS', 1, 2, 'user', 0, 0),
	('kiril', '123', 1, 3, 'user', 0, 0),
	('misho', '{noop}pass3', 1, 4, 'user', 0, 0),
	('pesho', '{noop}pass1', 1, 5, 'user', 0, 0),
	('k', 'p', 1, 6, 'ROLE_ADMIN', 4, 3.25),
	('ksdf', 'p', 1, 8, 'user', 0, 0),
	('kk', 'pp', 1, 9, 'user', 0, 0),
	('koko', '$2a$10$il4j.6RfxHaQorCxc271w.BLtbhF1U8NBXktIbZVtOFxQkqP4FBIK', 1, 10, 'USER', 0, 0),
	('p', '$2a$10$Mexdj9vR.0EzsT2qkd9uJeQl/n4u0nmOfh5i8rJYjKJlUyYYp5NlS', 1, 11, 'USER', 0, 0),
	('m', 'm', 1, 12, 'USER', 0, 0),
	('l', '$2a$10$gsUw0Dwc.4l9OxU4eBT/A.KdJcxtxP3SvxpxDrRwf.23bU9EqEsOm', 1, 13, 'USER', 0, 0),
	('ml', '$2a$10$InuYAj6w3fom/BeZmGPpXuyP7HhFtEWUwZFv/5BzWqPQCFuSMFyoi', 1, 14, 'USER', 0, 0),
	('y', '$2a$10$5JTnpV4frF58QjQliIPVpu1urD9xUSXjDDWiFEEyFE7aw8OmoprVy', 1, 15, 'USER', 0, 0),
	('ty', '$2a$10$dd5B35/SjnyN1qpamfdi9u7PX256rOoPqnyEd7UmifE3vhf1OMNay', 1, 16, 'USER', 0, 0),
	('IVAILO9512', 'ivailo9512A', 1, 17, 'ROLE_USER', 0, 0);
/*!40000 ALTER TABLE `users` ENABLE KEYS */;

/*!40101 SET SQL_MODE=IFNULL(@OLD_SQL_MODE, '') */;
/*!40014 SET FOREIGN_KEY_CHECKS=IF(@OLD_FOREIGN_KEY_CHECKS IS NULL, 1, @OLD_FOREIGN_KEY_CHECKS) */;
/*!40101 SET CHARACTER_SET_CLIENT=@OLD_CHARACTER_SET_CLIENT */;
